{
    "bitcoin": 0.9425975059054299,
    "ethereum": 0.06557033073674824
}